<?xml version="1.0" encoding="UTF-8"?>
<project-private xmlns="http://www.netbeans.org/ns/project-private/1">
    <editor-bookmarks xmlns="http://www.netbeans.org/ns/editor-bookmarks/2" lastBookmarkId="0"/>
    <open-files xmlns="http://www.netbeans.org/ns/projectui-open-files/2">
        <group>
            <file>file:/C:/Users/sala5/Documents/NetBeansProjects/Programación_Avanzada/src/programación_avanzada/U2/GUI01.java</file>
            <file>file:/C:/Users/sala5/Documents/NetBeansProjects/Programación_Avanzada/src/programación_avanzada/U2/GUI02.java</file>
            <file>file:/C:/Users/sala5/Documents/NetBeansProjects/Programación_Avanzada/src/programación_avanzada/Programación_Avanzada.java</file>
        </group>
    </open-files>
</project-private>
